{
    "robot_information": [
        {
            "model": "Meca500",
            "revision": "4",
            "version": "11.3.0.11167-ROBOT-3789-fixing-11-3-tests",
            "serial_number": "M500-1642",
            "time_recorded": "2025-09-05-11-52-19",
            "monitoring_interval": "0.001"
        }
    ],
    "sent_commands": [
        "MoveJoints(30,25,20,15,10,5)",
        "MoveJoints(-30,-25,-20,-15,-10,-5)",
        "MoveJoints(30,25,20,15,10,5)",
        "MoveJoints(-30,-25,-20,-15,-10,-5)"
    ],
    "test_context": {
        "testing_function_name": "",
        "data_origin_files": [],
        "data_columns_inspected": []
    },
    "test_results": {}
}