{
    "robot_information": [
        {
            "model": "Mcs500",
            "revision": "1",
            "version": "10.1.0.7326-official",
            "serial_number": "0029",
            "time_recorded": "2024-03-07-14-23-02",
            "monitoring_interval": "0.001"
        }
    ],
    "sent_commands": [
        "MoveJoints(30,25,-20,15)",
        "MoveJoints(-30,-25,0,-15)",
        "MoveJoints(30,25,-20,15)",
        "MoveJoints(-30,-25,0,-15)"
    ],
    "test_context": {
        "testing_function_name": "",
        "data_origin_files": [],
        "data_columns_inspected": []
    },
    "test_results": {}
}