{
    "robot_information": [
        {
            "model": "Meca500",
            "revision": "3",
            "fw_major_rev": "9",
            "fw_minor_rev": "0",
            "fw_patch_num": "0",
            "serial_number": "m500-99999999",
            "time_recorded": "2021-07-08-17-05-49",
            "monitoring_interval": "0.001"
        }
    ],
    "sent_commands": [
        "MoveJoints(30,25,20,15,10,5)",
        "MoveJoints(-30,-25,-20,-15,-10,-5)",
        "MoveJoints(30,25,20,15,10,5)",
        "MoveJoints(-30,-25,-20,-15,-10,-5)"
    ],
    "test_context": {
        "testing_function_name": "",
        "data_origin_files": [],
        "data_columns_inspected": []
    },
    "test_results": {}
}